City_ID,City,Country,Date,Lat,Lng,Max Temp,Humidity,Cloudiness,Wind Speed
0,Ola,RU,2021-05-29 18:19:15,59.5833,151.2833,37.13,95,100,3.44
1,Castro,RU,2021-05-29 18:40:18,59.5833,151.2833,37.09,98,100,2.64
2,Bredasdorp,RU,2021-05-29 18:40:18,59.5833,151.2833,37.09,98,100,2.64
3,Mataura,RU,2021-05-29 18:40:18,59.5833,151.2833,37.09,98,100,2.64
4,Ushuaia,RU,2021-05-29 18:40:18,59.5833,151.2833,37.09,98,100,2.64
5,Albany,RU,2021-05-29 18:40:18,59.5833,151.2833,37.09,98,100,2.64
6,East London,RU,2021-05-29 18:40:18,59.5833,151.2833,37.09,98,100,2.64
7,Oistins,RU,2021-05-29 18:40:18,59.5833,151.2833,37.09,98,100,2.64
8,Coquimbo,RU,2021-05-29 18:40:18,59.5833,151.2833,37.09,98,100,2.64
9,Punta Arenas,RU,2021-05-29 18:40:18,59.5833,151.2833,37.09,98,100,2.64
10,Dingle,RU,2021-05-29 18:40:18,59.5833,151.2833,37.09,98,100,2.64
11,Kapaa,RU,2021-05-29 18:40:18,59.5833,151.2833,37.09,98,100,2.64
12,Kalmunai,RU,2021-05-29 18:40:18,59.5833,151.2833,37.09,98,100,2.64
13,Cherskiy,RU,2021-05-29 18:40:18,59.5833,151.2833,37.09,98,100,2.64
14,Airai,RU,2021-05-29 18:40:18,59.5833,151.2833,37.09,98,100,2.64
15,Vila Franca Do Campo,RU,2021-05-29 18:40:18,59.5833,151.2833,37.09,98,100,2.64
16,Longyearbyen,RU,2021-05-29 18:40:18,59.5833,151.2833,37.09,98,100,2.64
17,Arlit,RU,2021-05-29 18:40:18,59.5833,151.2833,37.09,98,100,2.64
18,Taoudenni,RU,2021-05-29 18:40:18,59.5833,151.2833,37.09,98,100,2.64
19,Barrow,RU,2021-05-29 18:40:18,59.5833,151.2833,37.09,98,100,2.64
20,Meyungs,RU,2021-05-29 18:40:18,59.5833,151.2833,37.09,98,100,2.64
21,Grand River South East,RU,2021-05-29 18:40:18,59.5833,151.2833,37.09,98,100,2.64
22,Alta Floresta,RU,2021-05-29 18:40:18,59.5833,151.2833,37.09,98,100,2.64
23,Sioux Lookout,RU,2021-05-29 18:40:18,59.5833,151.2833,37.09,98,100,2.64
24,Khatanga,RU,2021-05-29 18:40:18,59.5833,151.2833,37.09,98,100,2.64
25,Norsup,RU,2021-05-29 18:40:18,59.5833,151.2833,37.09,98,100,2.64
26,Tiksi,RU,2021-05-29 18:40:18,59.5833,151.2833,37.09,98,100,2.64
27,Georgetown,RU,2021-05-29 18:40:18,59.5833,151.2833,37.09,98,100,2.64
28,Cadereyta,RU,2021-05-29 18:40:18,59.5833,151.2833,37.09,98,100,2.64
29,Amderma,RU,2021-05-29 18:40:18,59.5833,151.2833,37.09,98,100,2.64
30,Matay,RU,2021-05-29 18:40:18,59.5833,151.2833,37.09,98,100,2.64
31,Sao Luis De Montes Belos,RU,2021-05-29 18:40:18,59.5833,151.2833,37.09,98,100,2.64
32,Busselton,RU,2021-05-29 18:40:18,59.5833,151.2833,37.09,98,100,2.64
33,Tabuk,RU,2021-05-29 18:40:18,59.5833,151.2833,37.09,98,100,2.64
34,Hasaki,RU,2021-05-29 18:40:18,59.5833,151.2833,37.09,98,100,2.64
35,Thompson,RU,2021-05-29 18:40:18,59.5833,151.2833,37.09,98,100,2.64
36,Mar Del Plata,RU,2021-05-29 18:40:18,59.5833,151.2833,37.09,98,100,2.64
37,Lebu,RU,2021-05-29 18:40:18,59.5833,151.2833,37.09,98,100,2.64
38,Wanaka,RU,2021-05-29 18:40:18,59.5833,151.2833,37.09,98,100,2.64
39,Eseka,RU,2021-05-29 18:40:18,59.5833,151.2833,37.09,98,100,2.64
40,Taolanaro,RU,2021-05-29 18:40:18,59.5833,151.2833,37.09,98,100,2.64
41,Saint-Francois,RU,2021-05-29 18:40:18,59.5833,151.2833,37.09,98,100,2.64
42,Sorrento,RU,2021-05-29 18:40:18,59.5833,151.2833,37.09,98,100,2.64
43,Creel,RU,2021-05-29 18:40:18,59.5833,151.2833,37.09,98,100,2.64
44,Leningradskiy,RU,2021-05-29 18:40:18,59.5833,151.2833,37.09,98,100,2.64
45,Norman Wells,RU,2021-05-29 18:40:18,59.5833,151.2833,37.09,98,100,2.64
46,Kikwit,RU,2021-05-29 18:40:18,59.5833,151.2833,37.09,98,100,2.64
47,Clyde River,RU,2021-05-29 18:40:18,59.5833,151.2833,37.09,98,100,2.64
48,Half Moon Bay,RU,2021-05-29 18:40:18,59.5833,151.2833,37.09,98,100,2.64
49,Zhukovka,RU,2021-05-29 18:40:18,59.5833,151.2833,37.09,98,100,2.64
50,Souillac,RU,2021-05-29 18:40:18,59.5833,151.2833,37.09,98,100,2.64
51,Atuona,RU,2021-05-29 18:40:18,59.5833,151.2833,37.09,98,100,2.64
52,Cockburn Town,RU,2021-05-29 18:40:18,59.5833,151.2833,37.09,98,100,2.64
53,Hobart,RU,2021-05-29 18:40:18,59.5833,151.2833,37.09,98,100,2.64
54,Sokoto,RU,2021-05-29 18:40:18,59.5833,151.2833,37.09,98,100,2.64
55,Rawson,RU,2021-05-29 18:40:18,59.5833,151.2833,37.09,98,100,2.64
56,Hermanus,RU,2021-05-29 18:40:18,59.5833,151.2833,37.09,98,100,2.64
57,Wonthaggi,RU,2021-05-29 18:40:18,59.5833,151.2833,37.09,98,100,2.64
58,Vaini,RU,2021-05-29 18:40:18,59.5833,151.2833,37.09,98,100,2.64
59,Port Alfred,RU,2021-05-29 18:40:18,59.5833,151.2833,37.09,98,100,2.64
60,Chumikan,RU,2021-05-29 18:40:18,59.5833,151.2833,37.09,98,100,2.64
61,La Ronge,RU,2021-05-29 18:40:18,59.5833,151.2833,37.09,98,100,2.64
62,Grand Gaube,RU,2021-05-29 18:40:18,59.5833,151.2833,37.09,98,100,2.64
63,Kaitangata,RU,2021-05-29 18:40:18,59.5833,151.2833,37.09,98,100,2.64
64,Jamestown,RU,2021-05-29 18:40:18,59.5833,151.2833,37.09,98,100,2.64
65,Severo-Kurilsk,RU,2021-05-29 18:40:18,59.5833,151.2833,37.09,98,100,2.64
66,Wulanhaote,RU,2021-05-29 18:40:18,59.5833,151.2833,37.09,98,100,2.64
67,Raga,RU,2021-05-29 18:40:18,59.5833,151.2833,37.09,98,100,2.64
68,Rikitea,RU,2021-05-29 18:40:18,59.5833,151.2833,37.09,98,100,2.64
69,Zheleznodorozhnyy,RU,2021-05-29 18:40:18,59.5833,151.2833,37.09,98,100,2.64
70,Hilo,RU,2021-05-29 18:40:18,59.5833,151.2833,37.09,98,100,2.64
71,Nanortalik,RU,2021-05-29 18:40:18,59.5833,151.2833,37.09,98,100,2.64
72,Cap Malheureux,RU,2021-05-29 18:40:18,59.5833,151.2833,37.09,98,100,2.64
73,Umzimvubu,RU,2021-05-29 18:40:18,59.5833,151.2833,37.09,98,100,2.64
74,Rocha,RU,2021-05-29 18:40:18,59.5833,151.2833,37.09,98,100,2.64
75,Saint-Philippe,RU,2021-05-29 18:40:18,59.5833,151.2833,37.09,98,100,2.64
76,Tuatapere,RU,2021-05-29 18:40:18,59.5833,151.2833,37.09,98,100,2.64
77,Saskylakh,RU,2021-05-29 18:40:18,59.5833,151.2833,37.09,98,100,2.64
78,Conceicao Da Barra,RU,2021-05-29 18:40:18,59.5833,151.2833,37.09,98,100,2.64
79,Cape Town,RU,2021-05-29 18:40:18,59.5833,151.2833,37.09,98,100,2.64
80,Chokurdakh,RU,2021-05-29 18:40:18,59.5833,151.2833,37.09,98,100,2.64
81,Saldanha,RU,2021-05-29 18:40:18,59.5833,151.2833,37.09,98,100,2.64
82,Kropotkin,RU,2021-05-29 18:40:18,59.5833,151.2833,37.09,98,100,2.64
83,Fort Nelson,RU,2021-05-29 18:40:18,59.5833,151.2833,37.09,98,100,2.64
84,Ribeira Grande,RU,2021-05-29 18:40:18,59.5833,151.2833,37.09,98,100,2.64
85,Lodja,RU,2021-05-29 18:40:18,59.5833,151.2833,37.09,98,100,2.64
86,Grindavik,RU,2021-05-29 18:40:18,59.5833,151.2833,37.09,98,100,2.64
87,Tuktoyaktuk,RU,2021-05-29 18:40:18,59.5833,151.2833,37.09,98,100,2.64
88,Kazalinsk,RU,2021-05-29 18:40:18,59.5833,151.2833,37.09,98,100,2.64
89,Jinchengjiang,RU,2021-05-29 18:40:18,59.5833,151.2833,37.09,98,100,2.64
90,Kodiak,RU,2021-05-29 18:40:18,59.5833,151.2833,37.09,98,100,2.64
91,Saint George,RU,2021-05-29 18:40:18,59.5833,151.2833,37.09,98,100,2.64
92,New Norfolk,RU,2021-05-29 18:40:18,59.5833,151.2833,37.09,98,100,2.64
93,Maxixe,RU,2021-05-29 18:40:18,59.5833,151.2833,37.09,98,100,2.64
94,Shimoda,RU,2021-05-29 18:40:18,59.5833,151.2833,37.09,98,100,2.64
95,El Dorado,RU,2021-05-29 18:40:18,59.5833,151.2833,37.09,98,100,2.64
96,Kidal,RU,2021-05-29 18:40:18,59.5833,151.2833,37.09,98,100,2.64
97,Salalah,RU,2021-05-29 18:40:18,59.5833,151.2833,37.09,98,100,2.64
98,Praia Da Vitoria,RU,2021-05-29 18:40:18,59.5833,151.2833,37.09,98,100,2.64
99,Yellowknife,RU,2021-05-29 18:40:18,59.5833,151.2833,37.09,98,100,2.64
100,Shchelyayur,RU,2021-05-29 18:40:18,59.5833,151.2833,37.09,98,100,2.64
101,Attawapiskat,RU,2021-05-29 18:40:18,59.5833,151.2833,37.09,98,100,2.64
102,Carnarvon,RU,2021-05-29 18:40:18,59.5833,151.2833,37.09,98,100,2.64
103,Yamada,RU,2021-05-29 18:40:18,59.5833,151.2833,37.09,98,100,2.64
104,Bonavista,RU,2021-05-29 18:40:18,59.5833,151.2833,37.09,98,100,2.64
105,Havre-Saint-Pierre,RU,2021-05-29 18:40:18,59.5833,151.2833,37.09,98,100,2.64
106,Dmitriyevka,RU,2021-05-29 18:40:18,59.5833,151.2833,37.09,98,100,2.64
107,Illoqqortoormiut,RU,2021-05-29 18:40:18,59.5833,151.2833,37.09,98,100,2.64
108,Ostrovnoy,RU,2021-05-29 18:40:18,59.5833,151.2833,37.09,98,100,2.64
109,Tomatlan,RU,2021-05-29 18:40:18,59.5833,151.2833,37.09,98,100,2.64
110,Helong,RU,2021-05-29 18:40:18,59.5833,151.2833,37.09,98,100,2.64
111,Bluff,RU,2021-05-29 18:40:18,59.5833,151.2833,37.09,98,100,2.64
112,Camacha,RU,2021-05-29 18:40:18,59.5833,151.2833,37.09,98,100,2.64
113,Basco,RU,2021-05-29 18:40:18,59.5833,151.2833,37.09,98,100,2.64
114,Constitucion,RU,2021-05-29 18:40:18,59.5833,151.2833,37.09,98,100,2.64
115,Belushya Guba,RU,2021-05-29 18:40:18,59.5833,151.2833,37.09,98,100,2.64
116,Barentsburg,RU,2021-05-29 18:40:18,59.5833,151.2833,37.09,98,100,2.64
117,Ancud,RU,2021-05-29 18:40:18,59.5833,151.2833,37.09,98,100,2.64
118,Makakilo City,RU,2021-05-29 18:40:18,59.5833,151.2833,37.09,98,100,2.64
119,Dikson,RU,2021-05-29 18:40:18,59.5833,151.2833,37.09,98,100,2.64
120,Nizhneyansk,RU,2021-05-29 18:40:18,59.5833,151.2833,37.09,98,100,2.64
121,Ribeira Brava,RU,2021-05-29 18:40:18,59.5833,151.2833,37.09,98,100,2.64
122,Kondinskoye,RU,2021-05-29 18:40:18,59.5833,151.2833,37.09,98,100,2.64
123,Cabo San Lucas,RU,2021-05-29 18:40:18,59.5833,151.2833,37.09,98,100,2.64
124,Aleksandrov Gay,RU,2021-05-29 18:40:18,59.5833,151.2833,37.09,98,100,2.64
125,Port-Gentil,RU,2021-05-29 18:40:18,59.5833,151.2833,37.09,98,100,2.64
126,Emirdag,RU,2021-05-29 18:40:18,59.5833,151.2833,37.09,98,100,2.64
127,Balilihan,RU,2021-05-29 18:40:18,59.5833,151.2833,37.09,98,100,2.64
128,Wentzville,RU,2021-05-29 18:40:18,59.5833,151.2833,37.09,98,100,2.64
129,Awbari,RU,2021-05-29 18:40:18,59.5833,151.2833,37.09,98,100,2.64
130,Fort Frances,RU,2021-05-29 18:40:18,59.5833,151.2833,37.09,98,100,2.64
131,Broken Hill,RU,2021-05-29 18:40:18,59.5833,151.2833,37.09,98,100,2.64
132,Puerto Ayora,RU,2021-05-29 18:40:18,59.5833,151.2833,37.09,98,100,2.64
133,Marcona,RU,2021-05-29 18:40:18,59.5833,151.2833,37.09,98,100,2.64
134,Bima,RU,2021-05-29 18:40:18,59.5833,151.2833,37.09,98,100,2.64
135,Bonthe,RU,2021-05-29 18:40:18,59.5833,151.2833,37.09,98,100,2.64
136,Japura,RU,2021-05-29 18:40:18,59.5833,151.2833,37.09,98,100,2.64
137,Mizque,RU,2021-05-29 18:40:18,59.5833,151.2833,37.09,98,100,2.64
138,Bowen,RU,2021-05-29 18:40:18,59.5833,151.2833,37.09,98,100,2.64
139,Salisbury,RU,2021-05-29 18:40:18,59.5833,151.2833,37.09,98,100,2.64
140,Sentyabrskiy,RU,2021-05-29 18:40:18,59.5833,151.2833,37.09,98,100,2.64
141,Elk City,RU,2021-05-29 18:40:18,59.5833,151.2833,37.09,98,100,2.64
142,Urumqi,RU,2021-05-29 18:40:18,59.5833,151.2833,37.09,98,100,2.64
143,Saint-Pierre,RU,2021-05-29 18:40:18,59.5833,151.2833,37.09,98,100,2.64
144,Avarua,RU,2021-05-29 18:40:18,59.5833,151.2833,37.09,98,100,2.64
145,Sao Filipe,RU,2021-05-29 18:40:18,59.5833,151.2833,37.09,98,100,2.64
146,Geraldton,RU,2021-05-29 18:40:18,59.5833,151.2833,37.09,98,100,2.64
147,Manta,RU,2021-05-29 18:40:18,59.5833,151.2833,37.09,98,100,2.64
148,Arraial Do Cabo,RU,2021-05-29 18:40:18,59.5833,151.2833,37.09,98,100,2.64
149,Henties Bay,RU,2021-05-29 18:40:18,59.5833,151.2833,37.09,98,100,2.64
150,Matara,RU,2021-05-29 18:40:18,59.5833,151.2833,37.09,98,100,2.64
151,Mahebourg,RU,2021-05-29 18:40:18,59.5833,151.2833,37.09,98,100,2.64
152,Katherine,RU,2021-05-29 18:40:18,59.5833,151.2833,37.09,98,100,2.64
153,Lolua,RU,2021-05-29 18:40:18,59.5833,151.2833,37.09,98,100,2.64
154,Bengkulu,RU,2021-05-29 18:40:18,59.5833,151.2833,37.09,98,100,2.64
155,Nanakuli,RU,2021-05-29 18:40:18,59.5833,151.2833,37.09,98,100,2.64
156,Lompoc,RU,2021-05-29 18:40:18,59.5833,151.2833,37.09,98,100,2.64
157,Cidreira,RU,2021-05-29 18:40:18,59.5833,151.2833,37.09,98,100,2.64
158,Tual,RU,2021-05-29 18:40:18,59.5833,151.2833,37.09,98,100,2.64
159,Daru,RU,2021-05-29 18:40:18,59.5833,151.2833,37.09,98,100,2.64
160,Vanimo,RU,2021-05-29 18:40:18,59.5833,151.2833,37.09,98,100,2.64
161,Port Lincoln,RU,2021-05-29 18:40:18,59.5833,151.2833,37.09,98,100,2.64
162,Chagda,RU,2021-05-29 18:40:18,59.5833,151.2833,37.09,98,100,2.64
163,Tarudant,RU,2021-05-29 18:40:18,59.5833,151.2833,37.09,98,100,2.64
164,Pevek,RU,2021-05-29 18:40:18,59.5833,151.2833,37.09,98,100,2.64
165,Tezu,RU,2021-05-29 18:40:18,59.5833,151.2833,37.09,98,100,2.64
166,Huangmei,RU,2021-05-29 18:40:18,59.5833,151.2833,37.09,98,100,2.64
167,Otane,RU,2021-05-29 18:40:18,59.5833,151.2833,37.09,98,100,2.64
168,Novobataysk,RU,2021-05-29 18:40:18,59.5833,151.2833,37.09,98,100,2.64
169,Gat,RU,2021-05-29 18:40:18,59.5833,151.2833,37.09,98,100,2.64
170,Kruisfontein,RU,2021-05-29 18:40:18,59.5833,151.2833,37.09,98,100,2.64
171,Yulara,RU,2021-05-29 18:40:18,59.5833,151.2833,37.09,98,100,2.64
172,Upernavik,RU,2021-05-29 18:40:18,59.5833,151.2833,37.09,98,100,2.64
173,Hualmay,RU,2021-05-29 18:40:18,59.5833,151.2833,37.09,98,100,2.64
174,Alice Springs,RU,2021-05-29 18:40:18,59.5833,151.2833,37.09,98,100,2.64
175,Aden,RU,2021-05-29 18:40:18,59.5833,151.2833,37.09,98,100,2.64
176,Aumbay,RU,2021-05-29 18:40:18,59.5833,151.2833,37.09,98,100,2.64
177,Nouadhibou,RU,2021-05-29 18:40:18,59.5833,151.2833,37.09,98,100,2.64
178,Port Blair,RU,2021-05-29 18:40:18,59.5833,151.2833,37.09,98,100,2.64
179,Hami,RU,2021-05-29 18:40:18,59.5833,151.2833,37.09,98,100,2.64
180,Hithadhoo,RU,2021-05-29 18:40:18,59.5833,151.2833,37.09,98,100,2.64
181,Lelystad,RU,2021-05-29 18:40:18,59.5833,151.2833,37.09,98,100,2.64
182,Boa Vista,RU,2021-05-29 18:40:18,59.5833,151.2833,37.09,98,100,2.64
183,Tasiilaq,RU,2021-05-29 18:40:18,59.5833,151.2833,37.09,98,100,2.64
184,Virginia Beach,RU,2021-05-29 18:40:18,59.5833,151.2833,37.09,98,100,2.64
185,Cerritos,RU,2021-05-29 18:40:18,59.5833,151.2833,37.09,98,100,2.64
186,Gold Coast,RU,2021-05-29 18:40:18,59.5833,151.2833,37.09,98,100,2.64
187,Sokolo,RU,2021-05-29 18:40:18,59.5833,151.2833,37.09,98,100,2.64
188,Krasnoarmeysk,RU,2021-05-29 18:40:18,59.5833,151.2833,37.09,98,100,2.64
189,Aksarka,RU,2021-05-29 18:40:18,59.5833,151.2833,37.09,98,100,2.64
190,Ati,RU,2021-05-29 18:40:18,59.5833,151.2833,37.09,98,100,2.64
191,Saleaula,RU,2021-05-29 18:40:18,59.5833,151.2833,37.09,98,100,2.64
192,Tumannyy,RU,2021-05-29 18:40:18,59.5833,151.2833,37.09,98,100,2.64
193,Tura,RU,2021-05-29 18:40:18,59.5833,151.2833,37.09,98,100,2.64
194,Yambio,RU,2021-05-29 18:40:18,59.5833,151.2833,37.09,98,100,2.64
195,Gigmoto,RU,2021-05-29 18:40:18,59.5833,151.2833,37.09,98,100,2.64
196,Alamogordo,RU,2021-05-29 18:40:18,59.5833,151.2833,37.09,98,100,2.64
197,Tsihombe,RU,2021-05-29 18:40:18,59.5833,151.2833,37.09,98,100,2.64
198,Belaya Gora,RU,2021-05-29 18:40:18,59.5833,151.2833,37.09,98,100,2.64
199,Pacific Grove,RU,2021-05-29 18:40:18,59.5833,151.2833,37.09,98,100,2.64
200,Sola,RU,2021-05-29 18:40:18,59.5833,151.2833,37.09,98,100,2.64
201,Negombo,RU,2021-05-29 18:40:18,59.5833,151.2833,37.09,98,100,2.64
202,Teguldet,RU,2021-05-29 18:40:18,59.5833,151.2833,37.09,98,100,2.64
203,Beringovskiy,RU,2021-05-29 18:40:18,59.5833,151.2833,37.09,98,100,2.64
204,Uyuni,RU,2021-05-29 18:40:18,59.5833,151.2833,37.09,98,100,2.64
205,Saint-Joseph,RU,2021-05-29 18:40:18,59.5833,151.2833,37.09,98,100,2.64
206,Port-Cartier,RU,2021-05-29 18:40:18,59.5833,151.2833,37.09,98,100,2.64
207,Zhanaozen,RU,2021-05-29 18:40:18,59.5833,151.2833,37.09,98,100,2.64
208,Qaanaaq,RU,2021-05-29 18:40:18,59.5833,151.2833,37.09,98,100,2.64
209,Wexford,RU,2021-05-29 18:40:18,59.5833,151.2833,37.09,98,100,2.64
210,Butaritari,RU,2021-05-29 18:40:18,59.5833,151.2833,37.09,98,100,2.64
211,Inhambane,RU,2021-05-29 18:40:18,59.5833,151.2833,37.09,98,100,2.64
212,Floro,RU,2021-05-29 18:40:18,59.5833,151.2833,37.09,98,100,2.64
213,Lorengau,RU,2021-05-29 18:40:18,59.5833,151.2833,37.09,98,100,2.64
214,Am Timan,RU,2021-05-29 18:40:18,59.5833,151.2833,37.09,98,100,2.64
215,Plainview,RU,2021-05-29 18:40:18,59.5833,151.2833,37.09,98,100,2.64
216,Codrington,RU,2021-05-29 18:40:18,59.5833,151.2833,37.09,98,100,2.64
217,Beitbridge,RU,2021-05-29 18:40:18,59.5833,151.2833,37.09,98,100,2.64
218,Basey,RU,2021-05-29 18:40:18,59.5833,151.2833,37.09,98,100,2.64
219,Gorom-Gorom,RU,2021-05-29 18:40:18,59.5833,151.2833,37.09,98,100,2.64
220,Gomel,RU,2021-05-29 18:40:18,59.5833,151.2833,37.09,98,100,2.64
221,Katsuura,RU,2021-05-29 18:40:18,59.5833,151.2833,37.09,98,100,2.64
222,Provideniya,RU,2021-05-29 18:40:18,59.5833,151.2833,37.09,98,100,2.64
223,Olafsvik,RU,2021-05-29 18:40:18,59.5833,151.2833,37.09,98,100,2.64
224,Digha,RU,2021-05-29 18:40:18,59.5833,151.2833,37.09,98,100,2.64
225,Le Port,RU,2021-05-29 18:40:18,59.5833,151.2833,37.09,98,100,2.64
226,Shache,RU,2021-05-29 18:40:18,59.5833,151.2833,37.09,98,100,2.64
227,Revda,RU,2021-05-29 18:40:18,59.5833,151.2833,37.09,98,100,2.64
228,Saint-Prosper,RU,2021-05-29 18:40:18,59.5833,151.2833,37.09,98,100,2.64
229,Kabanjahe,RU,2021-05-29 18:40:18,59.5833,151.2833,37.09,98,100,2.64
230,Abrau-Dyurso,RU,2021-05-29 18:40:18,59.5833,151.2833,37.09,98,100,2.64
231,Adre,RU,2021-05-29 18:40:18,59.5833,151.2833,37.09,98,100,2.64
232,Bergerac,RU,2021-05-29 18:40:18,59.5833,151.2833,37.09,98,100,2.64
233,Faro,RU,2021-05-29 18:40:18,59.5833,151.2833,37.09,98,100,2.64
234,Comodoro Rivadavia,RU,2021-05-29 18:40:18,59.5833,151.2833,37.09,98,100,2.64
235,Nacala,RU,2021-05-29 18:40:18,59.5833,151.2833,37.09,98,100,2.64
236,Pangai,RU,2021-05-29 18:40:18,59.5833,151.2833,37.09,98,100,2.64
237,Vaitupu,RU,2021-05-29 18:40:18,59.5833,151.2833,37.09,98,100,2.64
238,Abha,RU,2021-05-29 18:40:18,59.5833,151.2833,37.09,98,100,2.64
239,Kuala Pilah,RU,2021-05-29 18:40:18,59.5833,151.2833,37.09,98,100,2.64
240,Paamiut,RU,2021-05-29 18:40:18,59.5833,151.2833,37.09,98,100,2.64
241,Deputatskiy,RU,2021-05-29 18:40:18,59.5833,151.2833,37.09,98,100,2.64
242,Padang,RU,2021-05-29 18:40:18,59.5833,151.2833,37.09,98,100,2.64
243,Taltal,RU,2021-05-29 18:40:18,59.5833,151.2833,37.09,98,100,2.64
244,Thinadhoo,RU,2021-05-29 18:40:18,59.5833,151.2833,37.09,98,100,2.64
245,Ambilobe,RU,2021-05-29 18:40:18,59.5833,151.2833,37.09,98,100,2.64
246,Nikolskoye,RU,2021-05-29 18:40:18,59.5833,151.2833,37.09,98,100,2.64
247,Mitsamiouli,RU,2021-05-29 18:40:18,59.5833,151.2833,37.09,98,100,2.64
248,Payo,RU,2021-05-29 18:40:18,59.5833,151.2833,37.09,98,100,2.64
249,Scarborough,RU,2021-05-29 18:40:18,59.5833,151.2833,37.09,98,100,2.64
250,Kolvereid,RU,2021-05-29 18:40:18,59.5833,151.2833,37.09,98,100,2.64
251,Darab,RU,2021-05-29 18:40:18,59.5833,151.2833,37.09,98,100,2.64
252,Almeirim,RU,2021-05-29 18:40:18,59.5833,151.2833,37.09,98,100,2.64
253,Mayskiy,RU,2021-05-29 18:40:18,59.5833,151.2833,37.09,98,100,2.64
254,Beinamar,RU,2021-05-29 18:40:18,59.5833,151.2833,37.09,98,100,2.64
255,Pangnirtung,RU,2021-05-29 18:40:18,59.5833,151.2833,37.09,98,100,2.64
256,Ust-Tsilma,RU,2021-05-29 18:40:18,59.5833,151.2833,37.09,98,100,2.64
257,Khuzdar,RU,2021-05-29 18:40:18,59.5833,151.2833,37.09,98,100,2.64
258,Kieta,RU,2021-05-29 18:40:18,59.5833,151.2833,37.09,98,100,2.64
259,Isangel,RU,2021-05-29 18:40:18,59.5833,151.2833,37.09,98,100,2.64
260,Esso,RU,2021-05-29 18:40:18,59.5833,151.2833,37.09,98,100,2.64
261,Alyangula,RU,2021-05-29 18:40:18,59.5833,151.2833,37.09,98,100,2.64
262,Ixtapa,RU,2021-05-29 18:40:18,59.5833,151.2833,37.09,98,100,2.64
263,Martinsville,RU,2021-05-29 18:40:18,59.5833,151.2833,37.09,98,100,2.64
264,La Orilla,RU,2021-05-29 18:40:18,59.5833,151.2833,37.09,98,100,2.64
265,Ghanzi,RU,2021-05-29 18:40:18,59.5833,151.2833,37.09,98,100,2.64
266,Ayan,RU,2021-05-29 18:40:18,59.5833,151.2833,37.09,98,100,2.64
267,Nemuro,RU,2021-05-29 18:40:18,59.5833,151.2833,37.09,98,100,2.64
268,Fauske,RU,2021-05-29 18:40:18,59.5833,151.2833,37.09,98,100,2.64
269,Noyon,RU,2021-05-29 18:40:18,59.5833,151.2833,37.09,98,100,2.64
270,Luderitz,RU,2021-05-29 18:40:18,59.5833,151.2833,37.09,98,100,2.64
271,Yar-Sale,RU,2021-05-29 18:40:18,59.5833,151.2833,37.09,98,100,2.64
272,Bambous Virieux,RU,2021-05-29 18:40:18,59.5833,151.2833,37.09,98,100,2.64
273,Camopi,RU,2021-05-29 18:40:18,59.5833,151.2833,37.09,98,100,2.64
274,Derzhavinsk,RU,2021-05-29 18:40:18,59.5833,151.2833,37.09,98,100,2.64
275,Poum,RU,2021-05-29 18:40:18,59.5833,151.2833,37.09,98,100,2.64
276,Ocozocoautla,RU,2021-05-29 18:40:18,59.5833,151.2833,37.09,98,100,2.64
277,Stornoway,RU,2021-05-29 18:40:18,59.5833,151.2833,37.09,98,100,2.64
278,Kavieng,RU,2021-05-29 18:40:18,59.5833,151.2833,37.09,98,100,2.64
279,Avera,RU,2021-05-29 18:40:18,59.5833,151.2833,37.09,98,100,2.64
280,Yabassi,RU,2021-05-29 18:40:18,59.5833,151.2833,37.09,98,100,2.64
281,Port Elizabeth,RU,2021-05-29 18:40:18,59.5833,151.2833,37.09,98,100,2.64
282,Faanui,RU,2021-05-29 18:40:18,59.5833,151.2833,37.09,98,100,2.64
283,Kyra,RU,2021-05-29 18:40:18,59.5833,151.2833,37.09,98,100,2.64
284,Ahipara,RU,2021-05-29 18:40:18,59.5833,151.2833,37.09,98,100,2.64
285,Rio Gallegos,RU,2021-05-29 18:40:18,59.5833,151.2833,37.09,98,100,2.64
286,Marystown,RU,2021-05-29 18:40:18,59.5833,151.2833,37.09,98,100,2.64
287,Soloneshnoye,RU,2021-05-29 18:40:18,59.5833,151.2833,37.09,98,100,2.64
288,Hewitt,RU,2021-05-29 18:40:18,59.5833,151.2833,37.09,98,100,2.64
289,Kununurra,RU,2021-05-29 18:40:18,59.5833,151.2833,37.09,98,100,2.64
290,Borogontsy,RU,2021-05-29 18:40:18,59.5833,151.2833,37.09,98,100,2.64
291,Cleburne,RU,2021-05-29 18:40:18,59.5833,151.2833,37.09,98,100,2.64
292,Akdepe,RU,2021-05-29 18:40:18,59.5833,151.2833,37.09,98,100,2.64
293,San Cristobal,RU,2021-05-29 18:40:18,59.5833,151.2833,37.09,98,100,2.64
294,Kawalu,RU,2021-05-29 18:40:18,59.5833,151.2833,37.09,98,100,2.64
295,Kimberley,RU,2021-05-29 18:40:18,59.5833,151.2833,37.09,98,100,2.64
296,Itupiranga,RU,2021-05-29 18:40:18,59.5833,151.2833,37.09,98,100,2.64
297,College,RU,2021-05-29 18:40:18,59.5833,151.2833,37.09,98,100,2.64
298,Iralaya,RU,2021-05-29 18:40:18,59.5833,151.2833,37.09,98,100,2.64
299,Ngukurr,RU,2021-05-29 18:40:18,59.5833,151.2833,37.09,98,100,2.64
300,Three Hills,RU,2021-05-29 18:40:18,59.5833,151.2833,37.09,98,100,2.64
301,Romny,RU,2021-05-29 18:40:18,59.5833,151.2833,37.09,98,100,2.64
302,Nishihara,RU,2021-05-29 18:40:18,59.5833,151.2833,37.09,98,100,2.64
303,Mareeba,RU,2021-05-29 18:40:18,59.5833,151.2833,37.09,98,100,2.64
304,Watsa,RU,2021-05-29 18:40:18,59.5833,151.2833,37.09,98,100,2.64
305,Ilulissat,RU,2021-05-29 18:40:18,59.5833,151.2833,37.09,98,100,2.64
306,Esperance,RU,2021-05-29 18:40:18,59.5833,151.2833,37.09,98,100,2.64
307,Beidao,RU,2021-05-29 18:40:18,59.5833,151.2833,37.09,98,100,2.64
308,Sibu,RU,2021-05-29 18:40:18,59.5833,151.2833,37.09,98,100,2.64
309,Samusu,RU,2021-05-29 18:40:18,59.5833,151.2833,37.09,98,100,2.64
310,Chaochou,RU,2021-05-29 18:40:18,59.5833,151.2833,37.09,98,100,2.64
311,Sao Jose Da Coroa Grande,RU,2021-05-29 18:40:18,59.5833,151.2833,37.09,98,100,2.64
312,Saint Anthony,RU,2021-05-29 18:40:18,59.5833,151.2833,37.09,98,100,2.64
313,Santa Cruz De La Palma,RU,2021-05-29 18:40:18,59.5833,151.2833,37.09,98,100,2.64
314,Killybegs,RU,2021-05-29 18:40:18,59.5833,151.2833,37.09,98,100,2.64
315,Lindi,RU,2021-05-29 18:40:18,59.5833,151.2833,37.09,98,100,2.64
316,Mys Shmidta,RU,2021-05-29 18:40:18,59.5833,151.2833,37.09,98,100,2.64
317,Egvekinot,RU,2021-05-29 18:40:18,59.5833,151.2833,37.09,98,100,2.64
318,Preobrazheniye,RU,2021-05-29 18:40:18,59.5833,151.2833,37.09,98,100,2.64
319,Meulaboh,RU,2021-05-29 18:40:18,59.5833,151.2833,37.09,98,100,2.64
320,Nhulunbuy,RU,2021-05-29 18:40:18,59.5833,151.2833,37.09,98,100,2.64
321,Inhapim,RU,2021-05-29 18:40:18,59.5833,151.2833,37.09,98,100,2.64
322,Napuro,RU,2021-05-29 18:40:18,59.5833,151.2833,37.09,98,100,2.64
323,Torbay,RU,2021-05-29 18:40:18,59.5833,151.2833,37.09,98,100,2.64
324,Hihifo,RU,2021-05-29 18:40:18,59.5833,151.2833,37.09,98,100,2.64
325,Zeya,RU,2021-05-29 18:40:18,59.5833,151.2833,37.09,98,100,2.64
326,Yatou,RU,2021-05-29 18:40:18,59.5833,151.2833,37.09,98,100,2.64
327,Kalianget,RU,2021-05-29 18:40:18,59.5833,151.2833,37.09,98,100,2.64
328,Winneba,RU,2021-05-29 18:40:18,59.5833,151.2833,37.09,98,100,2.64
329,Vostok,RU,2021-05-29 18:40:18,59.5833,151.2833,37.09,98,100,2.64
330,Bargal,RU,2021-05-29 18:40:18,59.5833,151.2833,37.09,98,100,2.64
331,Lianzhou,RU,2021-05-29 18:40:18,59.5833,151.2833,37.09,98,100,2.64
332,Kavaratti,RU,2021-05-29 18:40:18,59.5833,151.2833,37.09,98,100,2.64
333,Palmer,RU,2021-05-29 18:40:18,59.5833,151.2833,37.09,98,100,2.64
334,Maningrida,RU,2021-05-29 18:40:18,59.5833,151.2833,37.09,98,100,2.64
335,Almaznyy,RU,2021-05-29 18:40:18,59.5833,151.2833,37.09,98,100,2.64
336,Katangli,RU,2021-05-29 18:40:18,59.5833,151.2833,37.09,98,100,2.64
337,Macamic,RU,2021-05-29 18:40:18,59.5833,151.2833,37.09,98,100,2.64
338,Yinchuan,RU,2021-05-29 18:40:18,59.5833,151.2833,37.09,98,100,2.64
339,Berdigestyakh,RU,2021-05-29 18:40:18,59.5833,151.2833,37.09,98,100,2.64
340,Kijang,RU,2021-05-29 18:40:18,59.5833,151.2833,37.09,98,100,2.64
341,Axim,RU,2021-05-29 18:40:18,59.5833,151.2833,37.09,98,100,2.64
342,Ambovombe,RU,2021-05-29 18:40:18,59.5833,151.2833,37.09,98,100,2.64
343,Springbok,RU,2021-05-29 18:40:18,59.5833,151.2833,37.09,98,100,2.64
344,Catamarca,RU,2021-05-29 18:40:18,59.5833,151.2833,37.09,98,100,2.64
345,Alofi,RU,2021-05-29 18:40:18,59.5833,151.2833,37.09,98,100,2.64
346,Bay Roberts,RU,2021-05-29 18:40:18,59.5833,151.2833,37.09,98,100,2.64
347,Pisco,RU,2021-05-29 18:40:18,59.5833,151.2833,37.09,98,100,2.64
348,Agadez,RU,2021-05-29 18:40:18,59.5833,151.2833,37.09,98,100,2.64
349,Aripuana,RU,2021-05-29 18:40:18,59.5833,151.2833,37.09,98,100,2.64
350,Naliya,RU,2021-05-29 18:40:18,59.5833,151.2833,37.09,98,100,2.64
351,Abastumani,RU,2021-05-29 18:40:18,59.5833,151.2833,37.09,98,100,2.64
352,Yuanping,RU,2021-05-29 18:40:18,59.5833,151.2833,37.09,98,100,2.64
353,Nguiu,RU,2021-05-29 18:40:18,59.5833,151.2833,37.09,98,100,2.64
354,Agadir,RU,2021-05-29 18:40:18,59.5833,151.2833,37.09,98,100,2.64
355,Mount Isa,RU,2021-05-29 18:40:18,59.5833,151.2833,37.09,98,100,2.64
356,The Valley,RU,2021-05-29 18:40:18,59.5833,151.2833,37.09,98,100,2.64
357,Sanchor,RU,2021-05-29 18:40:18,59.5833,151.2833,37.09,98,100,2.64
358,Katy,RU,2021-05-29 18:40:18,59.5833,151.2833,37.09,98,100,2.64
359,Guerrero Negro,RU,2021-05-29 18:40:18,59.5833,151.2833,37.09,98,100,2.64
360,Los Llanos De Aridane,RU,2021-05-29 18:40:18,59.5833,151.2833,37.09,98,100,2.64
361,Havelock,RU,2021-05-29 18:40:18,59.5833,151.2833,37.09,98,100,2.64
362,Puerto Escondido,RU,2021-05-29 18:40:18,59.5833,151.2833,37.09,98,100,2.64
363,Chuy,RU,2021-05-29 18:40:18,59.5833,151.2833,37.09,98,100,2.64
364,Sechura,RU,2021-05-29 18:40:18,59.5833,151.2833,37.09,98,100,2.64
365,Pushkar,RU,2021-05-29 18:40:18,59.5833,151.2833,37.09,98,100,2.64
366,Fairbanks,RU,2021-05-29 18:40:18,59.5833,151.2833,37.09,98,100,2.64
367,Jeremie,RU,2021-05-29 18:40:18,59.5833,151.2833,37.09,98,100,2.64
368,Ketchikan,RU,2021-05-29 18:40:18,59.5833,151.2833,37.09,98,100,2.64
369,Lasa,RU,2021-05-29 18:40:18,59.5833,151.2833,37.09,98,100,2.64
370,Mayo,RU,2021-05-29 18:40:18,59.5833,151.2833,37.09,98,100,2.64
371,Pokhara,RU,2021-05-29 18:40:18,59.5833,151.2833,37.09,98,100,2.64
372,Cururupu,RU,2021-05-29 18:40:18,59.5833,151.2833,37.09,98,100,2.64
373,Toliary,RU,2021-05-29 18:40:18,59.5833,151.2833,37.09,98,100,2.64
374,Sakaiminato,RU,2021-05-29 18:40:18,59.5833,151.2833,37.09,98,100,2.64
375,Dawson Creek,RU,2021-05-29 18:40:18,59.5833,151.2833,37.09,98,100,2.64
376,La Asuncion,RU,2021-05-29 18:40:18,59.5833,151.2833,37.09,98,100,2.64
377,Kuche,RU,2021-05-29 18:40:18,59.5833,151.2833,37.09,98,100,2.64
378,Louisbourg,RU,2021-05-29 18:40:18,59.5833,151.2833,37.09,98,100,2.64
379,Abapo,RU,2021-05-29 18:40:18,59.5833,151.2833,37.09,98,100,2.64
380,Tahitofalu,RU,2021-05-29 18:40:18,59.5833,151.2833,37.09,98,100,2.64
381,Maragogi,RU,2021-05-29 18:40:18,59.5833,151.2833,37.09,98,100,2.64
382,Bethel,RU,2021-05-29 18:40:18,59.5833,151.2833,37.09,98,100,2.64
383,Taos,RU,2021-05-29 18:40:18,59.5833,151.2833,37.09,98,100,2.64
384,Wukari,RU,2021-05-29 18:40:18,59.5833,151.2833,37.09,98,100,2.64
385,Bud,RU,2021-05-29 18:40:18,59.5833,151.2833,37.09,98,100,2.64
386,Tuxpan,RU,2021-05-29 18:40:18,59.5833,151.2833,37.09,98,100,2.64
387,Yenagoa,RU,2021-05-29 18:40:18,59.5833,151.2833,37.09,98,100,2.64
388,Chara,RU,2021-05-29 18:40:18,59.5833,151.2833,37.09,98,100,2.64
389,Young,RU,2021-05-29 18:40:18,59.5833,151.2833,37.09,98,100,2.64
390,Ottawa,RU,2021-05-29 18:40:18,59.5833,151.2833,37.09,98,100,2.64
391,Port Shepstone,RU,2021-05-29 18:40:18,59.5833,151.2833,37.09,98,100,2.64
392,Kyaikkami,RU,2021-05-29 18:40:18,59.5833,151.2833,37.09,98,100,2.64
393,Utiroa,RU,2021-05-29 18:40:18,59.5833,151.2833,37.09,98,100,2.64
394,Synya,RU,2021-05-29 18:40:18,59.5833,151.2833,37.09,98,100,2.64
395,Kenora,RU,2021-05-29 18:40:18,59.5833,151.2833,37.09,98,100,2.64
396,Kloulklubed,RU,2021-05-29 18:40:18,59.5833,151.2833,37.09,98,100,2.64
397,Rayadrug,RU,2021-05-29 18:40:18,59.5833,151.2833,37.09,98,100,2.64
398,Port Hawkesbury,RU,2021-05-29 18:40:18,59.5833,151.2833,37.09,98,100,2.64
399,Ballina,RU,2021-05-29 18:40:18,59.5833,151.2833,37.09,98,100,2.64
400,Pochutla,RU,2021-05-29 18:40:18,59.5833,151.2833,37.09,98,100,2.64
401,Karasjok,RU,2021-05-29 18:40:18,59.5833,151.2833,37.09,98,100,2.64
402,Karla,RU,2021-05-29 18:40:18,59.5833,151.2833,37.09,98,100,2.64
403,Hargeysa,RU,2021-05-29 18:40:18,59.5833,151.2833,37.09,98,100,2.64
404,Hambantota,RU,2021-05-29 18:40:18,59.5833,151.2833,37.09,98,100,2.64
405,Merrill,RU,2021-05-29 18:40:18,59.5833,151.2833,37.09,98,100,2.64
406,Qaqortoq,RU,2021-05-29 18:40:18,59.5833,151.2833,37.09,98,100,2.64
407,Kundiawa,RU,2021-05-29 18:40:18,59.5833,151.2833,37.09,98,100,2.64
408,Gizo,RU,2021-05-29 18:40:18,59.5833,151.2833,37.09,98,100,2.64
409,Yumen,RU,2021-05-29 18:40:18,59.5833,151.2833,37.09,98,100,2.64
410,Merta,RU,2021-05-29 18:40:18,59.5833,151.2833,37.09,98,100,2.64
411,Ouesso,RU,2021-05-29 18:40:18,59.5833,151.2833,37.09,98,100,2.64
412,Juneau,RU,2021-05-29 18:40:18,59.5833,151.2833,37.09,98,100,2.64
413,Malanje,RU,2021-05-29 18:40:18,59.5833,151.2833,37.09,98,100,2.64
414,Kholodnyy,RU,2021-05-29 18:40:18,59.5833,151.2833,37.09,98,100,2.64
415,Sosua,RU,2021-05-29 18:40:18,59.5833,151.2833,37.09,98,100,2.64
416,Banda Aceh,RU,2021-05-29 18:40:18,59.5833,151.2833,37.09,98,100,2.64
417,Masuguru,RU,2021-05-29 18:40:18,59.5833,151.2833,37.09,98,100,2.64
418,Porto Novo,RU,2021-05-29 18:40:18,59.5833,151.2833,37.09,98,100,2.64
419,Sedelnikovo,RU,2021-05-29 18:40:18,59.5833,151.2833,37.09,98,100,2.64
420,Kankan,RU,2021-05-29 18:40:18,59.5833,151.2833,37.09,98,100,2.64
421,Vao,RU,2021-05-29 18:40:18,59.5833,151.2833,37.09,98,100,2.64
422,Fortuna,RU,2021-05-29 18:40:18,59.5833,151.2833,37.09,98,100,2.64
423,Chenghai,RU,2021-05-29 18:40:18,59.5833,151.2833,37.09,98,100,2.64
424,Santa Rosa,RU,2021-05-29 18:40:18,59.5833,151.2833,37.09,98,100,2.64
425,Bonfim,RU,2021-05-29 18:40:18,59.5833,151.2833,37.09,98,100,2.64
426,Swan River,RU,2021-05-29 18:40:18,59.5833,151.2833,37.09,98,100,2.64
427,Colares,RU,2021-05-29 18:40:18,59.5833,151.2833,37.09,98,100,2.64
428,Narsaq,RU,2021-05-29 18:40:18,59.5833,151.2833,37.09,98,100,2.64
429,Ondorhaan,RU,2021-05-29 18:40:18,59.5833,151.2833,37.09,98,100,2.64
430,Riberalta,RU,2021-05-29 18:40:18,59.5833,151.2833,37.09,98,100,2.64
431,Sitka,RU,2021-05-29 18:40:18,59.5833,151.2833,37.09,98,100,2.64
432,Port Hedland,RU,2021-05-29 18:40:18,59.5833,151.2833,37.09,98,100,2.64
433,Belem De Sao Francisco,RU,2021-05-29 18:40:18,59.5833,151.2833,37.09,98,100,2.64
434,Hay River,RU,2021-05-29 18:40:18,59.5833,151.2833,37.09,98,100,2.64
435,Dhidhdhoo,RU,2021-05-29 18:40:18,59.5833,151.2833,37.09,98,100,2.64
436,Riyadh,RU,2021-05-29 18:40:18,59.5833,151.2833,37.09,98,100,2.64
437,Puerto Penasco,RU,2021-05-29 18:40:18,59.5833,151.2833,37.09,98,100,2.64
438,Kem,RU,2021-05-29 18:40:18,59.5833,151.2833,37.09,98,100,2.64
439,Roald,RU,2021-05-29 18:40:18,59.5833,151.2833,37.09,98,100,2.64
440,Victoria,RU,2021-05-29 18:40:18,59.5833,151.2833,37.09,98,100,2.64
441,Nouakchott,RU,2021-05-29 18:40:18,59.5833,151.2833,37.09,98,100,2.64
442,Korla,RU,2021-05-29 18:40:18,59.5833,151.2833,37.09,98,100,2.64
443,Gorontalo,RU,2021-05-29 18:40:18,59.5833,151.2833,37.09,98,100,2.64
444,Cabo Rojo,RU,2021-05-29 18:40:18,59.5833,151.2833,37.09,98,100,2.64
445,Amarante Do Maranhao,RU,2021-05-29 18:40:18,59.5833,151.2833,37.09,98,100,2.64
446,Lagoa,RU,2021-05-29 18:40:18,59.5833,151.2833,37.09,98,100,2.64
447,Kriel,RU,2021-05-29 18:40:18,59.5833,151.2833,37.09,98,100,2.64
448,Vila Velha,RU,2021-05-29 18:40:18,59.5833,151.2833,37.09,98,100,2.64
449,Khonuu,RU,2021-05-29 18:40:18,59.5833,151.2833,37.09,98,100,2.64
450,Haines Junction,RU,2021-05-29 18:40:18,59.5833,151.2833,37.09,98,100,2.64
451,Paraiso,RU,2021-05-29 18:40:18,59.5833,151.2833,37.09,98,100,2.64
452,Beloha,RU,2021-05-29 18:40:18,59.5833,151.2833,37.09,98,100,2.64
453,Karakendzha,RU,2021-05-29 18:40:18,59.5833,151.2833,37.09,98,100,2.64
454,Truckee,RU,2021-05-29 18:40:18,59.5833,151.2833,37.09,98,100,2.64
455,Balykshi,RU,2021-05-29 18:40:18,59.5833,151.2833,37.09,98,100,2.64
456,Bure,RU,2021-05-29 18:40:18,59.5833,151.2833,37.09,98,100,2.64
457,Coihaique,RU,2021-05-29 18:40:18,59.5833,151.2833,37.09,98,100,2.64
458,Hovd,RU,2021-05-29 18:40:18,59.5833,151.2833,37.09,98,100,2.64
459,Lumphat,RU,2021-05-29 18:40:18,59.5833,151.2833,37.09,98,100,2.64
460,Carutapera,RU,2021-05-29 18:40:18,59.5833,151.2833,37.09,98,100,2.64
461,Richards Bay,RU,2021-05-29 18:40:18,59.5833,151.2833,37.09,98,100,2.64
462,Wilmington,RU,2021-05-29 18:40:18,59.5833,151.2833,37.09,98,100,2.64
463,Ponta Do Sol,RU,2021-05-29 18:40:18,59.5833,151.2833,37.09,98,100,2.64
464,Sinkat,RU,2021-05-29 18:40:18,59.5833,151.2833,37.09,98,100,2.64
465,Muisne,RU,2021-05-29 18:40:18,59.5833,151.2833,37.09,98,100,2.64
466,San Pedro,RU,2021-05-29 18:40:18,59.5833,151.2833,37.09,98,100,2.64
467,Solnechnyy,RU,2021-05-29 18:40:18,59.5833,151.2833,37.09,98,100,2.64
468,Iqaluit,RU,2021-05-29 18:40:18,59.5833,151.2833,37.09,98,100,2.64
469,Chaozhou,RU,2021-05-29 18:40:18,59.5833,151.2833,37.09,98,100,2.64
470,Caucaia,RU,2021-05-29 18:40:18,59.5833,151.2833,37.09,98,100,2.64
471,Hamilton,RU,2021-05-29 18:40:18,59.5833,151.2833,37.09,98,100,2.64
472,Muros,RU,2021-05-29 18:40:18,59.5833,151.2833,37.09,98,100,2.64
473,Ikovka,RU,2021-05-29 18:40:18,59.5833,151.2833,37.09,98,100,2.64
474,Burica,RU,2021-05-29 18:40:18,59.5833,151.2833,37.09,98,100,2.64
475,Riohacha,RU,2021-05-29 18:40:18,59.5833,151.2833,37.09,98,100,2.64
476,Shanhetun,RU,2021-05-29 18:40:18,59.5833,151.2833,37.09,98,100,2.64
477,Jijiga,RU,2021-05-29 18:40:18,59.5833,151.2833,37.09,98,100,2.64
478,Cozumel,RU,2021-05-29 18:40:18,59.5833,151.2833,37.09,98,100,2.64
479,Champerico,RU,2021-05-29 18:40:18,59.5833,151.2833,37.09,98,100,2.64
480,Kahului,RU,2021-05-29 18:40:18,59.5833,151.2833,37.09,98,100,2.64
481,Lakes Entrance,RU,2021-05-29 18:40:18,59.5833,151.2833,37.09,98,100,2.64
482,Nome,RU,2021-05-29 18:40:18,59.5833,151.2833,37.09,98,100,2.64
483,Marion,RU,2021-05-29 18:40:18,59.5833,151.2833,37.09,98,100,2.64
484,Znamenskoye,RU,2021-05-29 18:40:18,59.5833,151.2833,37.09,98,100,2.64
485,Dianopolis,RU,2021-05-29 18:40:18,59.5833,151.2833,37.09,98,100,2.64
486,Mwense,RU,2021-05-29 18:40:18,59.5833,151.2833,37.09,98,100,2.64
487,Porangatu,RU,2021-05-29 18:40:18,59.5833,151.2833,37.09,98,100,2.64
488,Santa Maria,RU,2021-05-29 18:40:18,59.5833,151.2833,37.09,98,100,2.64
489,Qovlar,RU,2021-05-29 18:40:18,59.5833,151.2833,37.09,98,100,2.64
490,Santiago De Cuba,RU,2021-05-29 18:40:18,59.5833,151.2833,37.09,98,100,2.64
491,Touros,RU,2021-05-29 18:40:18,59.5833,151.2833,37.09,98,100,2.64
492,Samfya,RU,2021-05-29 18:40:18,59.5833,151.2833,37.09,98,100,2.64
493,Thanh Hoa,RU,2021-05-29 18:40:18,59.5833,151.2833,37.09,98,100,2.64
494,Tambul,RU,2021-05-29 18:40:18,59.5833,151.2833,37.09,98,100,2.64
495,Saint Stephen,RU,2021-05-29 18:40:18,59.5833,151.2833,37.09,98,100,2.64
496,Atar,RU,2021-05-29 18:40:18,59.5833,151.2833,37.09,98,100,2.64
497,Nipawin,RU,2021-05-29 18:40:18,59.5833,151.2833,37.09,98,100,2.64
498,Zanjan,RU,2021-05-29 18:40:18,59.5833,151.2833,37.09,98,100,2.64
499,Mehamn,RU,2021-05-29 18:40:18,59.5833,151.2833,37.09,98,100,2.64
500,Menongue,RU,2021-05-29 18:40:18,59.5833,151.2833,37.09,98,100,2.64
501,Bitung,RU,2021-05-29 18:40:18,59.5833,151.2833,37.09,98,100,2.64
502,Ichihara,RU,2021-05-29 18:40:18,59.5833,151.2833,37.09,98,100,2.64
503,Belmonte,RU,2021-05-29 18:40:18,59.5833,151.2833,37.09,98,100,2.64
504,Acarau,RU,2021-05-29 18:40:18,59.5833,151.2833,37.09,98,100,2.64
505,Natal,RU,2021-05-29 18:40:18,59.5833,151.2833,37.09,98,100,2.64
506,Broome,RU,2021-05-29 18:40:18,59.5833,151.2833,37.09,98,100,2.64
507,Acapetahua,RU,2021-05-29 18:40:18,59.5833,151.2833,37.09,98,100,2.64
508,Artyk,RU,2021-05-29 18:40:18,59.5833,151.2833,37.09,98,100,2.64
509,Netrakona,RU,2021-05-29 18:40:18,59.5833,151.2833,37.09,98,100,2.64
510,Panji,RU,2021-05-29 18:40:18,59.5833,151.2833,37.09,98,100,2.64
511,Prince Rupert,RU,2021-05-29 18:40:18,59.5833,151.2833,37.09,98,100,2.64
512,Gazanjyk,RU,2021-05-29 18:40:18,59.5833,151.2833,37.09,98,100,2.64
513,Melo,RU,2021-05-29 18:40:18,59.5833,151.2833,37.09,98,100,2.64
514,Atambua,RU,2021-05-29 18:40:18,59.5833,151.2833,37.09,98,100,2.64
515,Les Cayes,RU,2021-05-29 18:40:18,59.5833,151.2833,37.09,98,100,2.64
516,Andenes,RU,2021-05-29 18:40:18,59.5833,151.2833,37.09,98,100,2.64
517,Adrar,RU,2021-05-29 18:40:18,59.5833,151.2833,37.09,98,100,2.64
518,Yaan,RU,2021-05-29 18:40:18,59.5833,151.2833,37.09,98,100,2.64
519,Quirinopolis,RU,2021-05-29 18:40:18,59.5833,151.2833,37.09,98,100,2.64
520,Eydhafushi,RU,2021-05-29 18:40:18,59.5833,151.2833,37.09,98,100,2.64
521,San Quintin,RU,2021-05-29 18:40:18,59.5833,151.2833,37.09,98,100,2.64
522,Kusa,RU,2021-05-29 18:40:18,59.5833,151.2833,37.09,98,100,2.64
523,Pandan,RU,2021-05-29 18:40:18,59.5833,151.2833,37.09,98,100,2.64
524,Morgan City,RU,2021-05-29 18:40:18,59.5833,151.2833,37.09,98,100,2.64
525,Rio Cuarto,RU,2021-05-29 18:40:18,59.5833,151.2833,37.09,98,100,2.64
526,Cairns,RU,2021-05-29 18:40:18,59.5833,151.2833,37.09,98,100,2.64
527,Pineville,RU,2021-05-29 18:40:18,59.5833,151.2833,37.09,98,100,2.64
528,Rudiskes,RU,2021-05-29 18:40:18,59.5833,151.2833,37.09,98,100,2.64
529,Plymouth,RU,2021-05-29 18:40:18,59.5833,151.2833,37.09,98,100,2.64
530,Charters Towers,RU,2021-05-29 18:40:18,59.5833,151.2833,37.09,98,100,2.64
531,Bogorodskoye,RU,2021-05-29 18:40:18,59.5833,151.2833,37.09,98,100,2.64
532,Bhuj,RU,2021-05-29 18:40:18,59.5833,151.2833,37.09,98,100,2.64
533,Eureka,RU,2021-05-29 18:40:18,59.5833,151.2833,37.09,98,100,2.64
534,Dicabisagan,RU,2021-05-29 18:40:18,59.5833,151.2833,37.09,98,100,2.64
535,Moerai,RU,2021-05-29 18:40:18,59.5833,151.2833,37.09,98,100,2.64
536,Shasta Lake,RU,2021-05-29 18:40:18,59.5833,151.2833,37.09,98,100,2.64
537,San Patricio,RU,2021-05-29 18:40:18,59.5833,151.2833,37.09,98,100,2.64
538,Husavik,RU,2021-05-29 18:40:18,59.5833,151.2833,37.09,98,100,2.64
539,Aklavik,RU,2021-05-29 18:40:18,59.5833,151.2833,37.09,98,100,2.64
540,Itaituba,RU,2021-05-29 18:40:18,59.5833,151.2833,37.09,98,100,2.64
541,Acolla,RU,2021-05-29 18:40:18,59.5833,151.2833,37.09,98,100,2.64
542,Valentin Gomez Farias,RU,2021-05-29 18:40:18,59.5833,151.2833,37.09,98,100,2.64
543,Iglas,RU,2021-05-29 18:40:18,59.5833,151.2833,37.09,98,100,2.64
544,Storforshei,RU,2021-05-29 18:40:18,59.5833,151.2833,37.09,98,100,2.64
545,Cayenne,RU,2021-05-29 18:40:18,59.5833,151.2833,37.09,98,100,2.64
546,Sakakah,RU,2021-05-29 18:40:18,59.5833,151.2833,37.09,98,100,2.64
547,Ambon,RU,2021-05-29 18:40:18,59.5833,151.2833,37.09,98,100,2.64
548,Greeneville,RU,2021-05-29 18:40:18,59.5833,151.2833,37.09,98,100,2.64
549,Bodaybo,RU,2021-05-29 18:40:18,59.5833,151.2833,37.09,98,100,2.64
550,Toora-Khem,RU,2021-05-29 18:40:18,59.5833,151.2833,37.09,98,100,2.64
551,Karratha,RU,2021-05-29 18:40:18,59.5833,151.2833,37.09,98,100,2.64
552,Mbanza-Ngungu,RU,2021-05-29 18:40:18,59.5833,151.2833,37.09,98,100,2.64
553,Mergui,RU,2021-05-29 18:40:18,59.5833,151.2833,37.09,98,100,2.64
554,Shetpe,RU,2021-05-29 18:40:18,59.5833,151.2833,37.09,98,100,2.64
555,Kupang,RU,2021-05-29 18:40:18,59.5833,151.2833,37.09,98,100,2.64
556,Ginir,RU,2021-05-29 18:40:18,59.5833,151.2833,37.09,98,100,2.64
557,Palembang,RU,2021-05-29 18:40:18,59.5833,151.2833,37.09,98,100,2.64
558,Anloga,RU,2021-05-29 18:40:18,59.5833,151.2833,37.09,98,100,2.64
559,Sibolga,RU,2021-05-29 18:40:18,59.5833,151.2833,37.09,98,100,2.64
560,Khuzhir,RU,2021-05-29 18:40:18,59.5833,151.2833,37.09,98,100,2.64
561,Zhigansk,RU,2021-05-29 18:40:18,59.5833,151.2833,37.09,98,100,2.64
562,Shingu,RU,2021-05-29 18:40:18,59.5833,151.2833,37.09,98,100,2.64
563,Honningsvag,RU,2021-05-29 18:40:18,59.5833,151.2833,37.09,98,100,2.64
564,Ishinomaki,RU,2021-05-29 18:40:18,59.5833,151.2833,37.09,98,100,2.64
565,Calabar,RU,2021-05-29 18:40:18,59.5833,151.2833,37.09,98,100,2.64
566,Sept-Iles,RU,2021-05-29 18:40:18,59.5833,151.2833,37.09,98,100,2.64
567,Sinnamary,RU,2021-05-29 18:40:18,59.5833,151.2833,37.09,98,100,2.64
568,Sorland,RU,2021-05-29 18:40:18,59.5833,151.2833,37.09,98,100,2.64
569,Dispur,RU,2021-05-29 18:40:18,59.5833,151.2833,37.09,98,100,2.64
570,Devarkonda,RU,2021-05-29 18:40:18,59.5833,151.2833,37.09,98,100,2.64
571,Barroualie,RU,2021-05-29 18:40:18,59.5833,151.2833,37.09,98,100,2.64
572,Dabat,RU,2021-05-29 18:40:18,59.5833,151.2833,37.09,98,100,2.64
573,Rio Grande,RU,2021-05-29 18:40:18,59.5833,151.2833,37.09,98,100,2.64
574,Laguna,RU,2021-05-29 18:40:18,59.5833,151.2833,37.09,98,100,2.64
575,Nioro,RU,2021-05-29 18:40:18,59.5833,151.2833,37.09,98,100,2.64
576,Jinji,RU,2021-05-29 18:40:18,59.5833,151.2833,37.09,98,100,2.64
577,Aksay,RU,2021-05-29 18:40:18,59.5833,151.2833,37.09,98,100,2.64
578,Palabuhanratu,RU,2021-05-29 18:40:18,59.5833,151.2833,37.09,98,100,2.64
579,Dubbo,RU,2021-05-29 18:40:18,59.5833,151.2833,37.09,98,100,2.64
580,Ust-Kut,RU,2021-05-29 18:40:18,59.5833,151.2833,37.09,98,100,2.64
581,Kokoda,RU,2021-05-29 18:40:18,59.5833,151.2833,37.09,98,100,2.64
582,Chegdomyn,RU,2021-05-29 18:40:18,59.5833,151.2833,37.09,98,100,2.64
583,Hofn,RU,2021-05-29 18:40:18,59.5833,151.2833,37.09,98,100,2.64
584,Jabiru,RU,2021-05-29 18:40:18,59.5833,151.2833,37.09,98,100,2.64
585,Ucluelet,RU,2021-05-29 18:40:18,59.5833,151.2833,37.09,98,100,2.64
586,Dolbeau,RU,2021-05-29 18:40:18,59.5833,151.2833,37.09,98,100,2.64
587,Ondangwa,RU,2021-05-29 18:40:18,59.5833,151.2833,37.09,98,100,2.64
588,Huarmey,RU,2021-05-29 18:40:18,59.5833,151.2833,37.09,98,100,2.64
589,Zhaoqing,RU,2021-05-29 18:40:18,59.5833,151.2833,37.09,98,100,2.64
590,Fort Payne,RU,2021-05-29 18:40:18,59.5833,151.2833,37.09,98,100,2.64
591,Vylgort,RU,2021-05-29 18:40:18,59.5833,151.2833,37.09,98,100,2.64
592,Susurluk,RU,2021-05-29 18:40:18,59.5833,151.2833,37.09,98,100,2.64
593,Wajima,RU,2021-05-29 18:40:18,59.5833,151.2833,37.09,98,100,2.64
594,Villa Rica,RU,2021-05-29 18:40:18,59.5833,151.2833,37.09,98,100,2.64
595,Konibodom,RU,2021-05-29 18:40:18,59.5833,151.2833,37.09,98,100,2.64
596,Lavrentiya,RU,2021-05-29 18:40:18,59.5833,151.2833,37.09,98,100,2.64
597,Takoradi,RU,2021-05-29 18:40:18,59.5833,151.2833,37.09,98,100,2.64
598,Mandal,RU,2021-05-29 18:40:18,59.5833,151.2833,37.09,98,100,2.64
599,Berlevag,RU,2021-05-29 18:40:18,59.5833,151.2833,37.09,98,100,2.64
600,Gravdal,RU,2021-05-29 18:40:18,59.5833,151.2833,37.09,98,100,2.64
601,Russell,RU,2021-05-29 18:40:18,59.5833,151.2833,37.09,98,100,2.64
602,Sale,RU,2021-05-29 18:40:18,59.5833,151.2833,37.09,98,100,2.64
603,Sorvag,RU,2021-05-29 18:40:18,59.5833,151.2833,37.09,98,100,2.64
604,Lac-Megantic,RU,2021-05-29 18:40:18,59.5833,151.2833,37.09,98,100,2.64
605,Gunjur,RU,2021-05-29 18:40:18,59.5833,151.2833,37.09,98,100,2.64
606,Zachepylivka,RU,2021-05-29 18:40:18,59.5833,151.2833,37.09,98,100,2.64
607,Kanniyakumari,RU,2021-05-29 18:40:18,59.5833,151.2833,37.09,98,100,2.64
608,Umm Kaddadah,RU,2021-05-29 18:40:18,59.5833,151.2833,37.09,98,100,2.64
609,Ola,RU,2021-05-29 18:40:18,59.5833,151.2833,37.09,98,100,2.64
